[{
  "_id": {
    "$oid": "68c0f6ba309ccdb6b3034907"
  },
  "name": "Đồ ăn",
  "description": "vb",
  "parentId": null,
  "sortOrder": 3,
  "image": "/uploads/1760320560781-06Oct24 Anis Pro Upload.png",
  "deleted": false,
  "status": "active",
  "createdAt": {
    "$date": "2025-09-10T03:55:38.325Z"
  },
  "updatedAt": {
    "$date": "2025-11-21T11:51:32.979Z"
  },
  "slug": "do-an",
  "__v": 32,
  "createdBy": {
    "createdAt": {
      "$date": "2025-09-13T02:27:04.358Z"
    }
  },
  "deletedBy": {
    "deletedAt": {
      "$date": "2025-09-13T02:27:04.358Z"
    }
  },
  "type": "food",
  "updatedBy": [
    {
      "account_id": null,
      "updatedAt": {
        "$date": "2025-09-13T02:27:04.359Z"
      },
      "_id": {
        "$oid": "68c4d67816d93602f7cd5790"
      }
    },
    {
      "account_id": null,
      "updatedAt": {
        "$date": "2025-09-13T03:49:04.010Z"
      },
      "_id": {
        "$oid": "68c4e9b0b9735b51d8a9f470"
      }
    },
    {
      "account_id": null,
      "updatedAt": {
        "$date": "2025-09-13T03:49:04.630Z"
      },
      "_id": {
        "$oid": "68c4e9b0b9735b51d8a9f47f"
      }
    },
    {
      "account_id": "68c0c7caecd569e11297b187",
      "updatedAt": {
        "$date": "2025-09-13T03:50:54.031Z"
      },
      "_id": {
        "$oid": "68c4ea1e6ace1fee354633a6"
      }
    },
    {
      "account_id": "68c0c7caecd569e11297b187",
      "updatedAt": {
        "$date": "2025-09-13T03:50:54.102Z"
      },
      "_id": {
        "$oid": "68c4ea1e6ace1fee354633ab"
      }
    },
    {
      "account_id": "68c0c7caecd569e11297b187",
      "updatedAt": {
        "$date": "2025-09-13T03:50:54.225Z"
      },
      "_id": {
        "$oid": "68c4ea1e6ace1fee354633bb"
      }
    },
    {
      "account_id": "68c0c7caecd569e11297b187",
      "updatedAt": {
        "$date": "2025-09-13T03:50:54.264Z"
      },
      "_id": {
        "$oid": "68c4ea1e6ace1fee354633c5"
      }
    },
    {
      "account_id": "68c0c7caecd569e11297b187",
      "updatedAt": {
        "$date": "2025-09-13T03:50:54.622Z"
      },
      "_id": {
        "$oid": "68c4ea1e6ace1fee35463403"
      }
    },
    {
      "account_id": "68c0c7caecd569e11297b187",
      "updatedAt": {
        "$date": "2025-09-13T03:50:54.657Z"
      },
      "_id": {
        "$oid": "68c4ea1e6ace1fee3546340e"
      }
    },
    {
      "account_id": "68c0c7caecd569e11297b187",
      "updatedAt": {
        "$date": "2025-09-13T03:50:55.615Z"
      },
      "_id": {
        "$oid": "68c4ea1f6ace1fee35463456"
      }
    },
    {
      "account_id": "68c0c7caecd569e11297b187",
      "updatedAt": {
        "$date": "2025-09-13T03:51:24.791Z"
      },
      "_id": {
        "$oid": "68c4ea3c2ebd952845b0a842"
      }
    },
    {
      "account_id": "68c0c7caecd569e11297b187",
      "updatedAt": {
        "$date": "2025-09-13T03:51:30.383Z"
      },
      "_id": {
        "$oid": "68c4ea422ebd952845b0a959"
      }
    },
    {
      "account_id": "68c0c7caecd569e11297b187",
      "updatedAt": {
        "$date": "2025-09-13T03:52:52.574Z"
      },
      "_id": {
        "$oid": "68c4ea94b2e5c80df187a0a4"
      }
    },
    {
      "account_id": "68c0c7caecd569e11297b187",
      "updatedAt": {
        "$date": "2025-09-13T03:52:53.335Z"
      },
      "_id": {
        "$oid": "68c4ea95b2e5c80df187a0ec"
      }
    },
    {
      "account_id": "68c0c7caecd569e11297b187",
      "updatedAt": {
        "$date": "2025-09-13T03:57:42.930Z"
      },
      "_id": {
        "$oid": "68c4ebb664a51491b587f494"
      }
    },
    {
      "account_id": "68c0c7caecd569e11297b187",
      "updatedAt": {
        "$date": "2025-09-13T03:57:43.707Z"
      },
      "_id": {
        "$oid": "68c4ebb764a51491b587f4e2"
      }
    },
    {
      "account_id": "68c0c7caecd569e11297b187",
      "updatedAt": {
        "$date": "2025-09-13T04:09:04.462Z"
      },
      "_id": {
        "$oid": "68c4ee609382d631af7e2961"
      }
    },
    {
      "account_id": "68c0c7caecd569e11297b187",
      "updatedAt": {
        "$date": "2025-09-13T04:09:05.275Z"
      },
      "_id": {
        "$oid": "68c4ee619382d631af7e29b5"
      }
    },
    {
      "account_id": "68c0c7caecd569e11297b187",
      "updatedAt": {
        "$date": "2025-09-13T04:43:42.522Z"
      },
      "_id": {
        "$oid": "68c4f67edea2d02317024ba4"
      }
    },
    {
      "account_id": "68c0c7caecd569e11297b187",
      "updatedAt": {
        "$date": "2025-09-13T04:43:44.918Z"
      },
      "_id": {
        "$oid": "68c4f680dea2d02317024cfb"
      }
    },
    {
      "account_id": "68c0c7caecd569e11297b187",
      "updatedAt": {
        "$date": "2025-09-14T02:46:30.323Z"
      },
      "_id": {
        "$oid": "68c62c8641fe026456647336"
      }
    },
    {
      "account_id": "68c0c7caecd569e11297b187",
      "updatedAt": {
        "$date": "2025-09-14T02:46:30.366Z"
      },
      "_id": {
        "$oid": "68c62c8641fe02645664734c"
      }
    },
    {
      "account_id": "68c0c7caecd569e11297b187",
      "updatedAt": {
        "$date": "2025-09-14T02:46:31.067Z"
      },
      "_id": {
        "$oid": "68c62c8741fe0264566473d0"
      }
    },
    {
      "account_id": "68c0c7caecd569e11297b187",
      "updatedAt": {
        "$date": "2025-09-14T02:46:46.012Z"
      },
      "_id": {
        "$oid": "68c62c9641fe02645664745c"
      }
    },
    {
      "account_id": "68c0c7caecd569e11297b187",
      "updatedAt": {
        "$date": "2025-09-14T02:46:50.721Z"
      },
      "_id": {
        "$oid": "68c62c9a41fe0264566474e6"
      }
    },
    {
      "account_id": "68c0c7caecd569e11297b187",
      "updatedAt": {
        "$date": "2025-09-14T02:46:58.018Z"
      },
      "_id": {
        "$oid": "68c62ca241fe026456647657"
      }
    },
    {
      "account_id": "68c0c7caecd569e11297b187",
      "updatedAt": {
        "$date": "2025-09-14T02:46:58.784Z"
      },
      "_id": {
        "$oid": "68c62ca241fe0264566476b0"
      }
    },
    {
      "account_id": "68c0c7caecd569e11297b187",
      "updatedAt": {
        "$date": "2025-09-14T03:04:13.001Z"
      },
      "_id": {
        "$oid": "68c630adc3c250b5e4f7d44a"
      }
    },
    {
      "account_id": "68c0c7caecd569e11297b187",
      "updatedAt": {
        "$date": "2025-09-14T03:04:22.729Z"
      },
      "_id": {
        "$oid": "68c630b633336e15f3240504"
      }
    },
    {
      "account_id": "68c0c7caecd569e11297b187",
      "updatedAt": {
        "$date": "2025-10-13T01:56:00.802Z"
      },
      "_id": {
        "$oid": "68ec5c30904dbc083ef126a7"
      }
    },
    {
      "account_id": "68c0c7caecd569e11297b187",
      "updatedAt": {
        "$date": "2025-11-21T11:51:32.395Z"
      },
      "_id": {
        "$oid": "69205244e0548acdb272166c"
      }
    },
    {
      "account_id": "68c0c7caecd569e11297b187",
      "updatedAt": {
        "$date": "2025-11-21T11:51:32.976Z"
      },
      "_id": {
        "$oid": "69205244e0548acdb27216e2"
      }
    }
  ]
},
{
  "_id": {
    "$oid": "68c0f715309ccdb6b3034910"
  },
  "name": "Phụ kiện ",
  "description": "",
  "parentId": null,
  "sortOrder": 4,
  "image": "/uploads/1760320572322-06Oct24 Anis Pro Upload.png",
  "deleted": false,
  "status": "active",
  "createdAt": {
    "$date": "2025-09-10T03:57:09.362Z"
  },
  "updatedAt": {
    "$date": "2025-11-20T09:41:17.296Z"
  },
  "slug": "phu-kien",
  "__v": 7,
  "createdBy": {
    "createdAt": {
      "$date": "2025-09-13T03:51:24.872Z"
    }
  },
  "deletedBy": {
    "deletedAt": {
      "$date": "2025-09-13T03:51:24.873Z"
    }
  },
  "type": "food",
  "updatedBy": [
    {
      "account_id": "68c0c7caecd569e11297b187",
      "updatedAt": {
        "$date": "2025-09-13T03:51:24.873Z"
      },
      "_id": {
        "$oid": "68c4ea3c2ebd952845b0a853"
      }
    },
    {
      "account_id": "68c0c7caecd569e11297b187",
      "updatedAt": {
        "$date": "2025-09-13T03:51:30.417Z"
      },
      "_id": {
        "$oid": "68c4ea422ebd952845b0a968"
      }
    },
    {
      "account_id": "68c0c7caecd569e11297b187",
      "updatedAt": {
        "$date": "2025-09-13T04:43:42.567Z"
      },
      "_id": {
        "$oid": "68c4f67edea2d02317024bcb"
      }
    },
    {
      "account_id": "68c0c7caecd569e11297b187",
      "updatedAt": {
        "$date": "2025-09-13T04:43:44.961Z"
      },
      "_id": {
        "$oid": "68c4f680dea2d02317024d23"
      }
    },
    {
      "account_id": "68c0c7caecd569e11297b187",
      "updatedAt": {
        "$date": "2025-10-13T01:56:12.331Z"
      },
      "_id": {
        "$oid": "68ec5c3c904dbc083ef126ee"
      }
    },
    {
      "account_id": "68c0ce2629732d22f3eccf2c",
      "updatedAt": {
        "$date": "2025-11-20T09:41:16.562Z"
      },
      "_id": {
        "$oid": "691ee23c929c72738fba0b6c"
      }
    },
    {
      "account_id": "68c0ce2629732d22f3eccf2c",
      "updatedAt": {
        "$date": "2025-11-20T09:41:17.294Z"
      },
      "_id": {
        "$oid": "691ee23d929c72738fba0bbb"
      }
    }
  ]
},
{
  "_id": {
    "$oid": "68c0f75c309ccdb6b303493c"
  },
  "name": "Chó",
  "description": "",
  "parentId": {
    "$oid": "68c0f6ba309ccdb6b3034907"
  },
  "sortOrder": 3,
  "image": null,
  "deleted": false,
  "status": "active",
  "createdAt": {
    "$date": "2025-09-10T03:58:20.760Z"
  },
  "updatedAt": {
    "$date": "2025-09-13T04:43:44.940Z"
  },
  "slug": "cho",
  "__v": 6,
  "createdBy": {
    "createdAt": {
      "$date": "2025-09-13T03:51:06.329Z"
    }
  },
  "deletedBy": {
    "deletedAt": {
      "$date": "2025-09-13T03:51:06.329Z"
    }
  },
  "type": "food",
  "updatedBy": [
    {
      "account_id": "68c0c7caecd569e11297b187",
      "updatedAt": {
        "$date": "2025-09-13T03:51:06.338Z"
      },
      "_id": {
        "$oid": "68c4ea2a2ebd952845b0a7e7"
      }
    },
    {
      "account_id": "68c0c7caecd569e11297b187",
      "updatedAt": {
        "$date": "2025-09-13T03:51:08.126Z"
      },
      "_id": {
        "$oid": "68c4ea2c2ebd952845b0a80a"
      }
    },
    {
      "account_id": "68c0c7caecd569e11297b187",
      "updatedAt": {
        "$date": "2025-09-13T03:51:24.829Z"
      },
      "_id": {
        "$oid": "68c4ea3c2ebd952845b0a84b"
      }
    },
    {
      "account_id": "68c0c7caecd569e11297b187",
      "updatedAt": {
        "$date": "2025-09-13T03:51:30.402Z"
      },
      "_id": {
        "$oid": "68c4ea422ebd952845b0a962"
      }
    },
    {
      "account_id": "68c0c7caecd569e11297b187",
      "updatedAt": {
        "$date": "2025-09-13T04:43:42.560Z"
      },
      "_id": {
        "$oid": "68c4f67edea2d02317024bc3"
      }
    },
    {
      "account_id": "68c0c7caecd569e11297b187",
      "updatedAt": {
        "$date": "2025-09-13T04:43:44.938Z"
      },
      "_id": {
        "$oid": "68c4f680dea2d02317024d14"
      }
    }
  ]
},
{
  "_id": {
    "$oid": "68c0f768309ccdb6b3034946"
  },
  "name": "Mèo",
  "description": "",
  "parentId": {
    "$oid": "68c0f6ba309ccdb6b3034907"
  },
  "sortOrder": 4,
  "image": null,
  "deleted": false,
  "status": "active",
  "createdAt": {
    "$date": "2025-09-10T03:58:32.596Z"
  },
  "updatedAt": {
    "$date": "2025-09-13T04:43:44.958Z"
  },
  "slug": "meo",
  "__v": 4,
  "createdBy": {
    "createdAt": {
      "$date": "2025-09-13T03:51:24.839Z"
    }
  },
  "deletedBy": {
    "deletedAt": {
      "$date": "2025-09-13T03:51:24.839Z"
    }
  },
  "type": "food",
  "updatedBy": [
    {
      "account_id": "68c0c7caecd569e11297b187",
      "updatedAt": {
        "$date": "2025-09-13T03:51:24.840Z"
      },
      "_id": {
        "$oid": "68c4ea3c2ebd952845b0a84d"
      }
    },
    {
      "account_id": "68c0c7caecd569e11297b187",
      "updatedAt": {
        "$date": "2025-09-13T03:51:30.411Z"
      },
      "_id": {
        "$oid": "68c4ea422ebd952845b0a965"
      }
    },
    {
      "account_id": "68c0c7caecd569e11297b187",
      "updatedAt": {
        "$date": "2025-09-13T04:43:42.564Z"
      },
      "_id": {
        "$oid": "68c4f67edea2d02317024bc7"
      }
    },
    {
      "account_id": "68c0c7caecd569e11297b187",
      "updatedAt": {
        "$date": "2025-09-13T04:43:44.956Z"
      },
      "_id": {
        "$oid": "68c4f680dea2d02317024d1e"
      }
    }
  ]
},
{
  "_id": {
    "$oid": "68c0f85d78bd9964f30798f3"
  },
  "name": "Phụ kiên  chó",
  "description": "",
  "parentId": {
    "$oid": "68c0f715309ccdb6b3034910"
  },
  "sortOrder": 5,
  "image": null,
  "deleted": false,
  "status": "active",
  "createdAt": {
    "$date": "2025-09-10T04:02:37.119Z"
  },
  "updatedAt": {
    "$date": "2025-11-20T09:41:15.031Z"
  },
  "slug": "phu-kien-cho",
  "__v": 5,
  "createdBy": {
    "createdAt": {
      "$date": "2025-09-13T03:51:24.852Z"
    }
  },
  "deletedBy": {
    "deletedAt": {
      "$date": "2025-09-13T03:51:24.853Z"
    }
  },
  "type": "food",
  "updatedBy": [
    {
      "account_id": "68c0c7caecd569e11297b187",
      "updatedAt": {
        "$date": "2025-09-13T03:51:24.854Z"
      },
      "_id": {
        "$oid": "68c4ea3c2ebd952845b0a84f"
      }
    },
    {
      "account_id": "68c0c7caecd569e11297b187",
      "updatedAt": {
        "$date": "2025-09-13T03:51:30.425Z"
      },
      "_id": {
        "$oid": "68c4ea422ebd952845b0a96b"
      }
    },
    {
      "account_id": "68c0c7caecd569e11297b187",
      "updatedAt": {
        "$date": "2025-09-13T04:43:42.572Z"
      },
      "_id": {
        "$oid": "68c4f67edea2d02317024bd3"
      }
    },
    {
      "account_id": "68c0c7caecd569e11297b187",
      "updatedAt": {
        "$date": "2025-09-13T04:43:44.965Z"
      },
      "_id": {
        "$oid": "68c4f680dea2d02317024d28"
      }
    },
    {
      "account_id": "68c0ce2629732d22f3eccf2c",
      "updatedAt": {
        "$date": "2025-11-20T09:41:15.030Z"
      },
      "_id": {
        "$oid": "691ee23b929c72738fba0b1c"
      }
    }
  ]
},
{
  "_id": {
    "$oid": "68c0fa5258be2cba236c2830"
  },
  "name": "Phụ kiện mèo",
  "description": "",
  "parentId": {
    "$oid": "68c0f715309ccdb6b3034910"
  },
  "sortOrder": 7,
  "image": null,
  "deleted": false,
  "status": "active",
  "createdAt": {
    "$date": "2025-09-10T04:10:58.932Z"
  },
  "updatedAt": {
    "$date": "2025-11-20T09:41:10.677Z"
  },
  "slug": "phu-kien-meo",
  "__v": 5,
  "createdBy": {
    "createdAt": {
      "$date": "2025-09-13T03:51:24.901Z"
    }
  },
  "deletedBy": {
    "account_id": "68c0c7caecd569e11297b187",
    "deletedAt": {
      "$date": "2025-09-13T03:57:52.380Z"
    }
  },
  "type": "food",
  "updatedBy": [
    {
      "account_id": "68c0c7caecd569e11297b187",
      "updatedAt": {
        "$date": "2025-09-13T03:51:24.901Z"
      },
      "_id": {
        "$oid": "68c4ea3c2ebd952845b0a855"
      }
    },
    {
      "account_id": "68c0c7caecd569e11297b187",
      "updatedAt": {
        "$date": "2025-09-13T03:51:30.428Z"
      },
      "_id": {
        "$oid": "68c4ea422ebd952845b0a96e"
      }
    },
    {
      "account_id": "68c0c7caecd569e11297b187",
      "updatedAt": {
        "$date": "2025-09-13T04:43:42.609Z"
      },
      "_id": {
        "$oid": "68c4f67edea2d02317024c02"
      }
    },
    {
      "account_id": "68c0c7caecd569e11297b187",
      "updatedAt": {
        "$date": "2025-09-13T04:43:44.968Z"
      },
      "_id": {
        "$oid": "68c4f680dea2d02317024d2d"
      }
    },
    {
      "account_id": "68c0ce2629732d22f3eccf2c",
      "updatedAt": {
        "$date": "2025-11-20T09:41:10.676Z"
      },
      "_id": {
        "$oid": "691ee236929c72738fba0ace"
      }
    }
  ]
},
{
  "_id": {
    "$oid": "691ee20e929c72738fba094c"
  },
  "name": "Đồ chơi",
  "description": "sd",
  "type": "food",
  "parentId": {
    "$oid": "68c0f715309ccdb6b3034910"
  },
  "sortOrder": 7,
  "image": "/uploads/1763631630797-z7191011588435_22b148c1dd1ec445eec0b45ffe9e2068.jpg",
  "deleted": false,
  "createdBy": {
    "account_id": "68c0ce2629732d22f3eccf2c",
    "createdAt": {
      "$date": "2025-11-20T09:40:30.872Z"
    }
  },
  "deletedBy": {
    "deletedAt": {
      "$date": "2025-11-20T09:40:30.873Z"
    }
  },
  "status": "active",
  "updatedBy": [],
  "createdAt": {
    "$date": "2025-11-20T09:40:30.873Z"
  },
  "updatedAt": {
    "$date": "2025-11-20T09:40:30.873Z"
  },
  "slug": "do-choi",
  "__v": 0
}]