[{
  "_id": {
    "$oid": "68c0d750d0bc75af3b466688"
  },
  "name": "Bát cho ăn tự động dành cho chó mèo",
  "description": "Bát cho ăn tự động với ngăn chứa thức ăn phía trên, giúp người nuôi tiết kiệm thời gian chăm sóc thú cưng. Các bé sẽ có đủ thức ăn trong vài ngày, phù hợp với những gia đình bận rộn hay đi công tác. Ngoài ra phần máng bát được làm với độ cao hợp lí ngăn ngưa vương vãi khi sử dụng.",
  "sortOrder": 0,
  "category_id": {
    "$oid": "68c0f715309ccdb6b3034910"
  },
  "thumbnail": "1763650077282-c3c2d4aa8a5dbd66db8aceb75141c0dc.jpg",
  "images": [
    "1757468508937-523476517_122168863322527921_3420470026915061477_n.jpg",
    "1757468508945-HaruPet-Photoroom.png",
    "1757468508945-logo.png",
    "1757468508977-logo-Photoroom.jpg",
    "1757468508981-logo-Photoroom-Photoroom.png",
    "1757468508991-wallpaperflare.com_wallpaper (1).jpg",
    "1757468509006-wallpaperflare.com_wallpaper.jpg"
  ],
  "price": 20000,
  "quantity": 122,
  "sold_count": 2,
  "material": "Nhựa ",
  "size": "12",
  "color": "Xanh Trắng",
  "brand": "Hi",
  "featured": true,
  "warranty": "5thangs",
  "rating": 5,
  "discount": null,
  "deleted": false,
  "status": "active",
  "createdAt": {
    "$date": "2025-09-10T01:41:36.024Z"
  },
  "updatedAt": {
    "$date": "2025-11-22T10:23:40.831Z"
  },
  "slug": "bat-cho-an-tu-dong-danh-cho-cho-meo",
  "__v": 45,
  "remainingStock": 122,
  "soldQuantity": 0,
  "createdBy": {
    "createdAt": {
      "$date": "2025-09-13T02:46:06.765Z"
    }
  },
  "deletedBy": {
    "account_id": "68c0c7caecd569e11297b187",
    "deletedAt": {
      "$date": "2025-11-21T05:52:08.011Z"
    }
  },
  "updatedBy": [
    {
      "account_id": null,
      "updatedAt": {
        "$date": "2025-09-13T02:46:06.795Z"
      },
      "_id": {
        "$oid": "68c4daee1b95f20b822e613e"
      }
    },
    {
      "account_id": null,
      "updatedAt": {
        "$date": "2025-09-13T02:46:07.591Z"
      },
      "_id": {
        "$oid": "68c4daef1b95f20b822e6144"
      }
    },
    {
      "account_id": null,
      "updatedAt": {
        "$date": "2025-09-13T02:46:08.245Z"
      },
      "_id": {
        "$oid": "68c4daf01b95f20b822e614b"
      }
    },
    {
      "account_id": null,
      "updatedAt": {
        "$date": "2025-09-13T02:46:09.038Z"
      },
      "_id": {
        "$oid": "68c4daf11b95f20b822e6153"
      }
    },
    {
      "account_id": "68c0c7caecd569e11297b187",
      "updatedAt": {
        "$date": "2025-09-13T04:03:37.578Z"
      },
      "_id": {
        "$oid": "68c4ed199382d631af7e236f"
      }
    },
    {
      "account_id": "68c0c7caecd569e11297b187",
      "updatedAt": {
        "$date": "2025-09-13T04:03:38.309Z"
      },
      "_id": {
        "$oid": "68c4ed1a9382d631af7e237a"
      }
    },
    {
      "account_id": "68c0c7caecd569e11297b187",
      "updatedAt": {
        "$date": "2025-09-13T04:06:47.154Z"
      },
      "_id": {
        "$oid": "68c4edd79382d631af7e25aa"
      }
    },
    {
      "account_id": "68c0c7caecd569e11297b187",
      "updatedAt": {
        "$date": "2025-09-13T04:06:47.276Z"
      },
      "_id": {
        "$oid": "68c4edd79382d631af7e25b7"
      }
    },
    {
      "account_id": "68c0c7caecd569e11297b187",
      "updatedAt": {
        "$date": "2025-09-13T04:06:47.938Z"
      },
      "_id": {
        "$oid": "68c4edd79382d631af7e25c5"
      }
    },
    {
      "account_id": "68c0c7caecd569e11297b187",
      "updatedAt": {
        "$date": "2025-09-13T04:06:48.054Z"
      },
      "_id": {
        "$oid": "68c4edd89382d631af7e25d4"
      }
    },
    {
      "account_id": "68c0c7caecd569e11297b187",
      "updatedAt": {
        "$date": "2025-09-13T04:06:48.733Z"
      },
      "_id": {
        "$oid": "68c4edd89382d631af7e25e4"
      }
    },
    {
      "account_id": "68c0c7caecd569e11297b187",
      "updatedAt": {
        "$date": "2025-09-13T04:06:49.508Z"
      },
      "_id": {
        "$oid": "68c4edd99382d631af7e25f5"
      }
    },
    {
      "account_id": "68c0c7caecd569e11297b187",
      "updatedAt": {
        "$date": "2025-09-13T04:06:51.992Z"
      },
      "_id": {
        "$oid": "68c4eddb9382d631af7e2607"
      }
    },
    {
      "account_id": "68c0c7caecd569e11297b187",
      "updatedAt": {
        "$date": "2025-09-13T04:06:52.539Z"
      },
      "_id": {
        "$oid": "68c4eddc9382d631af7e261a"
      }
    },
    {
      "account_id": "68c0c7caecd569e11297b187",
      "updatedAt": {
        "$date": "2025-09-13T04:07:22.297Z"
      },
      "_id": {
        "$oid": "68c4edfa9382d631af7e262e"
      }
    },
    {
      "account_id": "68c0c7caecd569e11297b187",
      "updatedAt": {
        "$date": "2025-09-13T04:07:22.888Z"
      },
      "_id": {
        "$oid": "68c4edfa9382d631af7e2643"
      }
    },
    {
      "account_id": "68c0c7caecd569e11297b187",
      "updatedAt": {
        "$date": "2025-09-13T04:07:57.877Z"
      },
      "_id": {
        "$oid": "68c4ee1d9382d631af7e2831"
      }
    },
    {
      "account_id": "68c0c7caecd569e11297b187",
      "updatedAt": {
        "$date": "2025-09-13T04:07:57.941Z"
      },
      "_id": {
        "$oid": "68c4ee1d9382d631af7e2848"
      }
    },
    {
      "account_id": "68c0c7caecd569e11297b187",
      "updatedAt": {
        "$date": "2025-09-13T04:07:58.458Z"
      },
      "_id": {
        "$oid": "68c4ee1e9382d631af7e2860"
      }
    },
    {
      "account_id": "68c0c7caecd569e11297b187",
      "updatedAt": {
        "$date": "2025-09-13T04:08:12.989Z"
      },
      "_id": {
        "$oid": "68c4ee2c9382d631af7e288c"
      }
    },
    {
      "account_id": "68c0c7caecd569e11297b187",
      "updatedAt": {
        "$date": "2025-09-14T02:59:26.783Z"
      },
      "_id": {
        "$oid": "68c62f8ec3c250b5e4f7d1ad"
      }
    },
    {
      "account_id": "68c0c7caecd569e11297b187",
      "updatedAt": {
        "$date": "2025-09-14T02:59:27.319Z"
      },
      "_id": {
        "$oid": "68c62f8fc3c250b5e4f7d1ca"
      }
    },
    {
      "account_id": "68c0c7caecd569e11297b187",
      "updatedAt": {
        "$date": "2025-09-14T03:00:46.565Z"
      },
      "_id": {
        "$oid": "68c62fdec3c250b5e4f7d3c8"
      }
    },
    {
      "account_id": "68c0c7caecd569e11297b187",
      "updatedAt": {
        "$date": "2025-09-14T05:23:40.258Z"
      },
      "_id": {
        "$oid": "68c6515c9e360924aebb97b2"
      }
    },
    {
      "account_id": "68c0c7caecd569e11297b187",
      "updatedAt": {
        "$date": "2025-09-14T05:23:40.791Z"
      },
      "_id": {
        "$oid": "68c6515c9e360924aebb97d2"
      }
    },
    {
      "account_id": "68c0c7caecd569e11297b187",
      "updatedAt": {
        "$date": "2025-09-14T05:23:45.801Z"
      },
      "_id": {
        "$oid": "68c651619e360924aebb982e"
      }
    },
    {
      "account_id": "68c0c7caecd569e11297b187",
      "updatedAt": {
        "$date": "2025-09-26T02:23:37.292Z"
      },
      "_id": {
        "$oid": "68d5f9298ec519b4fef0153b"
      }
    },
    {
      "account_id": "68c0c7caecd569e11297b187",
      "updatedAt": {
        "$date": "2025-09-26T02:23:38.125Z"
      },
      "_id": {
        "$oid": "68d5f92a8ec519b4fef0155e"
      }
    },
    {
      "account_id": "68c0c7caecd569e11297b187",
      "updatedAt": {
        "$date": "2025-09-26T02:23:39.299Z"
      },
      "_id": {
        "$oid": "68d5f92b8ec519b4fef01582"
      }
    },
    {
      "account_id": "68c0c7caecd569e11297b187",
      "updatedAt": {
        "$date": "2025-09-26T02:23:40.102Z"
      },
      "_id": {
        "$oid": "68d5f92c8ec519b4fef015a7"
      }
    },
    {
      "account_id": "68c0c7caecd569e11297b187",
      "updatedAt": {
        "$date": "2025-09-26T02:42:02.961Z"
      },
      "_id": {
        "$oid": "68d5fd7ace8b8dc1832f3d16"
      }
    },
    {
      "account_id": "68c0c7caecd569e11297b187",
      "updatedAt": {
        "$date": "2025-09-26T02:42:10.910Z"
      },
      "_id": {
        "$oid": "68d5fd82ce8b8dc1832f3da1"
      }
    },
    {
      "account_id": "68c0c7caecd569e11297b187",
      "updatedAt": {
        "$date": "2025-09-26T02:42:15.937Z"
      },
      "_id": {
        "$oid": "68d5fd87ce8b8dc1832f3e03"
      }
    },
    {
      "account_id": "68c0c7caecd569e11297b187",
      "updatedAt": {
        "$date": "2025-09-26T02:43:44.535Z"
      },
      "_id": {
        "$oid": "68d5fde0ce8b8dc1832f463c"
      }
    },
    {
      "account_id": "68c0c7caecd569e11297b187",
      "updatedAt": {
        "$date": "2025-11-05T10:26:23.843Z"
      },
      "_id": {
        "$oid": "690b264f206e7b1ff6d687f3"
      }
    },
    {
      "account_id": "68c0ce2629732d22f3eccf2c",
      "updatedAt": {
        "$date": "2025-11-20T09:50:19.451Z"
      },
      "_id": {
        "$oid": "691ee45b740dffcbbe1bcf10"
      }
    },
    {
      "account_id": null,
      "updatedAt": {
        "$date": "2025-11-20T09:50:22.214Z"
      },
      "_id": {
        "$oid": "691ee45e740dffcbbe1bcfa3"
      }
    },
    {
      "account_id": "68c0ce2629732d22f3eccf2c",
      "updatedAt": {
        "$date": "2025-11-20T14:47:57.297Z"
      },
      "_id": {
        "$oid": "691f2a1d228b553029c81921"
      }
    },
    {
      "account_id": "68c0c7caecd569e11297b187",
      "updatedAt": {
        "$date": "2025-11-21T05:51:55.742Z"
      },
      "_id": {
        "$oid": "691ffdfbdacd1cdd14b7c8a1"
      }
    },
    {
      "account_id": "68c0c7caecd569e11297b187",
      "updatedAt": {
        "$date": "2025-11-21T05:51:56.219Z"
      },
      "_id": {
        "$oid": "691ffdfcdacd1cdd14b7c8d4"
      }
    },
    {
      "account_id": "68c0c7caecd569e11297b187",
      "updatedAt": {
        "$date": "2025-11-21T05:52:04.566Z"
      },
      "_id": {
        "$oid": "691ffe04dacd1cdd14b7c963"
      }
    },
    {
      "account_id": "68c0c7caecd569e11297b187",
      "updatedAt": {
        "$date": "2025-11-21T05:52:10.560Z"
      },
      "_id": {
        "$oid": "691ffe0adacd1cdd14b7ca60"
      }
    },
    {
      "account_id": "68c0c7caecd569e11297b187",
      "updatedAt": {
        "$date": "2025-11-21T11:49:30.130Z"
      },
      "_id": {
        "$oid": "692051cae0548acdb2720e10"
      }
    },
    {
      "account_id": "68c0ce2629732d22f3eccf2c",
      "updatedAt": {
        "$date": "2025-11-21T14:10:56.144Z"
      },
      "_id": {
        "$oid": "692072f0863a61dbe5f3a70b"
      }
    },
    {
      "account_id": "68c0ce2629732d22f3eccf2c",
      "updatedAt": {
        "$date": "2025-11-21T14:33:02.930Z"
      },
      "_id": {
        "$oid": "6920781ef1a0b96fe0e2fcd7"
      }
    },
    {
      "account_id": "68c0ce2629732d22f3eccf2c",
      "updatedAt": {
        "$date": "2025-11-22T08:52:11.858Z"
      },
      "_id": {
        "$oid": "692179bb080520dfc67c7ac8"
      }
    }
  ],
  "is_New": false,
  "shipping_id": {
    "$oid": "68ecc2bdc7a41cffff4f3112"
  },
  "sold_count_last_month": 0,
  "rated_by": [
    {
      "$oid": "68c6982a32da1f8929167d61"
    }
  ],
  "reviewCount": 1,
  "discount_id": {
    "$oid": "68c0de1cae24435f34b3c6af"
  }
},
{
  "_id": {
    "$oid": "68c13cb692277a2ca3f10c01"
  },
  "name": "Bát Đựng Thức Ăn Chó Mèo Khay Đựng Thức Ăn Cho Thú Cưng - Tặng Kèm Bình Nước",
  "description": "Sản phẩm được làm từ chất liệu cao cấp không gây hại, không làm ảnh hưởng đến chất lượng thức ăn, màu sắc và thiết kế bắt mắt giúp thú cưng ăn ngon mệng hơn:\r\n\r\n- Bát nhựa đựng thức ăn cho chó mèo kèm ngăn nước\r\n\r\n- Bề mặt trơn láng, dễ dàng chùi rửa sạch sẽ sau khi sử dụng. \r\n\r\n- Bát ăn cho chó mèo, chất liệu tốt, bền, đẹp, không độc hại, không kích ứng với da\r\n\r\n- Sản phẩm xứng đáng là sự lựa chọn lý tưởng của bạn dành cho thú cưng. ",
  "sortOrder": 0,
  "category_id": {
    "$oid": "68c0f715309ccdb6b3034910"
  },
  "thumbnail": "1763650255063-54d8c0a31cf67d44895477a9a84d3605.jpg",
  "images": [
    "1763650240664-6e3fe0797df77cee900be6941d00dc3a.jpg_2200x2200q80.jpg_.webp",
    "1763650240665-daa3ad1438cb3e4782e085d218b989e2.jpg_2200x2200q80.jpg_.webp"
  ],
  "price": 50000,
  "quantity": 500,
  "sold_count": 1,
  "material": "Nhựa",
  "size": "20cm",
  "color": "Hồng , Xanh",
  "brand": "HS",
  "featured": true,
  "warranty": "Không bảo hành",
  "rating": 5,
  "discount": null,
  "deleted": false,
  "status": "active",
  "createdAt": {
    "$date": "2025-09-10T08:54:14.551Z"
  },
  "updatedAt": {
    "$date": "2025-11-22T10:23:40.837Z"
  },
  "slug": "bat-dung-thuc-an-cho-meo-khay-dung-thuc-an-cho-thu-cung-tang-kem-binh-nuoc",
  "__v": 17,
  "remainingStock": 500,
  "soldQuantity": 0,
  "deletedBy": {
    "account_id": "68c0c7caecd569e11297b187",
    "deletedAt": {
      "$date": "2025-11-21T05:53:54.498Z"
    }
  },
  "createdBy": {
    "createdAt": {
      "$date": "2025-09-13T02:59:31.082Z"
    }
  },
  "updatedBy": [
    {
      "account_id": null,
      "updatedAt": {
        "$date": "2025-09-13T02:59:31.088Z"
      },
      "_id": {
        "$oid": "68c4de1343a525161be9cfcf"
      }
    },
    {
      "account_id": "68c0c7caecd569e11297b187",
      "updatedAt": {
        "$date": "2025-09-13T04:07:54.365Z"
      },
      "_id": {
        "$oid": "68c4ee1a9382d631af7e2813"
      }
    },
    {
      "account_id": "68c0c7caecd569e11297b187",
      "updatedAt": {
        "$date": "2025-09-13T04:07:55.300Z"
      },
      "_id": {
        "$oid": "68c4ee1b9382d631af7e281b"
      }
    },
    {
      "account_id": "68c0c7caecd569e11297b187",
      "updatedAt": {
        "$date": "2025-09-13T04:08:11.844Z"
      },
      "_id": {
        "$oid": "68c4ee2b9382d631af7e2869"
      }
    },
    {
      "account_id": "68c0c7caecd569e11297b187",
      "updatedAt": {
        "$date": "2025-09-13T04:08:12.680Z"
      },
      "_id": {
        "$oid": "68c4ee2c9382d631af7e2873"
      }
    },
    {
      "account_id": "68c0c7caecd569e11297b187",
      "updatedAt": {
        "$date": "2025-09-14T05:29:28.539Z"
      },
      "_id": {
        "$oid": "68c652b89e360924aebb9978"
      }
    },
    {
      "account_id": "68c0c7caecd569e11297b187",
      "updatedAt": {
        "$date": "2025-09-26T02:43:22.156Z"
      },
      "_id": {
        "$oid": "68d5fdcace8b8dc1832f4347"
      }
    },
    {
      "account_id": "68c0c7caecd569e11297b187",
      "updatedAt": {
        "$date": "2025-10-13T09:29:26.866Z"
      },
      "_id": {
        "$oid": "68ecc676ceafe0c2e0ff2b27"
      }
    },
    {
      "account_id": "68c0c7caecd569e11297b187",
      "updatedAt": {
        "$date": "2025-11-05T10:26:28.315Z"
      },
      "_id": {
        "$oid": "690b2654206e7b1ff6d68889"
      }
    },
    {
      "account_id": "68c0c7caecd569e11297b187",
      "updatedAt": {
        "$date": "2025-11-10T04:36:11.234Z"
      },
      "_id": {
        "$oid": "69116bbbae4346663b22caca"
      }
    },
    {
      "account_id": "68c0ce2629732d22f3eccf2c",
      "updatedAt": {
        "$date": "2025-11-20T14:50:40.676Z"
      },
      "_id": {
        "$oid": "691f2ac0228b553029c819f1"
      }
    },
    {
      "account_id": "68c0ce2629732d22f3eccf2c",
      "updatedAt": {
        "$date": "2025-11-20T14:50:55.073Z"
      },
      "_id": {
        "$oid": "691f2acf228b553029c81b1e"
      }
    },
    {
      "account_id": "68c0c7caecd569e11297b187",
      "updatedAt": {
        "$date": "2025-11-21T05:53:56.257Z"
      },
      "_id": {
        "$oid": "691ffe74dacd1cdd14b7cc18"
      }
    },
    {
      "account_id": "68c0c7caecd569e11297b187",
      "updatedAt": {
        "$date": "2025-11-21T11:49:32.822Z"
      },
      "_id": {
        "$oid": "692051cce0548acdb2720e75"
      }
    },
    {
      "account_id": "68c0c7caecd569e11297b187",
      "updatedAt": {
        "$date": "2025-11-21T11:49:33.349Z"
      },
      "_id": {
        "$oid": "692051cde0548acdb2720e92"
      }
    },
    {
      "account_id": "68c0c7caecd569e11297b187",
      "updatedAt": {
        "$date": "2025-11-21T11:56:39.216Z"
      },
      "_id": {
        "$oid": "69205377eda70d302e9e88dd"
      }
    },
    {
      "account_id": "68c0c7caecd569e11297b187",
      "updatedAt": {
        "$date": "2025-11-21T12:00:34.277Z"
      },
      "_id": {
        "$oid": "69205462eda70d302e9e8f1b"
      }
    }
  ],
  "is_New": false,
  "discount_id": null,
  "shipping_id": {
    "$oid": "68ecc2bdc7a41cffff4f3112"
  },
  "sold_count_last_month": 0,
  "rated_by": [
    {
      "$oid": "68c6982a32da1f8929167d61"
    }
  ],
  "reviewCount": 1
}]