[{
  "_id": {
    "$oid": "690b2b5d98911d145e493d96"
  },
  "user_id": {
    "$oid": "68c15682f87490374370ee02"
  },
  "payment_id": {
    "$oid": "690084ef61f887d9e7b5e3d1"
  },
  "cart_id": {
    "$oid": "690ab3b82ff54513120beedc"
  },
  "shipping_id": {
    "$oid": "68ecc2bdc7a41cffff4f3112"
  },
  "customer_info": {
    "$oid": "690837d2ace7813511cba3e2"
  },
  "note": "",
  "return_request": {
    "isReturned": false,
    "return_reason": "",
    "return_description": "",
    "requested_at": {
      "$date": "2025-11-05T10:47:57.670Z"
    }
  },
  "status": "shipped",
  "products": [
    {
      "product_id": {
        "$oid": "68eccca820b730918b10a93d"
      },
      "category_id": {
        "$oid": "68c0f75c309ccdb6b303493c"
      },
      "quantity": 1,
      "price": 12,
      "amount": 12,
      "discount": 0,
      "_id": {
        "$oid": "690b2b5d98911d145e493d97"
      }
    }
  ],
  "deletedBy": {
    "deletedAt": {
      "$date": "2025-11-05T10:47:57.671Z"
    }
  },
  "summary": {
    "subtotal": 12,
    "voucher_discount": 0,
    "shipping_fee": 0,
    "total": 12
  },
  "deleted": false,
  "updatedBy": [
    {
      "account_id": "68c0ce2629732d22f3eccf2c",
      "updatedAt": {
        "$date": "2025-11-20T10:00:01.010Z"
      },
      "_id": {
        "$oid": "691ee6a104a396b770f3c4c7"
      }
    },
    {
      "account_id": "68c0ce2629732d22f3eccf2c",
      "updatedAt": {
        "$date": "2025-11-20T10:00:05.007Z"
      },
      "_id": {
        "$oid": "691ee6a504a396b770f3c4d8"
      }
    },
    {
      "account_id": "68c0ce2629732d22f3eccf2c",
      "updatedAt": {
        "$date": "2025-11-20T10:44:46.844Z"
      },
      "_id": {
        "$oid": "691ef11e67426e5fead73f6e"
      }
    }
  ],
  "createdAt": {
    "$date": "2025-11-05T10:47:57.703Z"
  },
  "updatedAt": {
    "$date": "2025-11-20T10:44:46.846Z"
  },
  "__v": 3
},
{
  "_id": {
    "$oid": "690b5562997c8a226de6bb58"
  },
  "user_id": {
    "$oid": "68c15682f87490374370ee02"
  },
  "payment_id": {
    "$oid": "690084ef61f887d9e7b5e3d1"
  },
  "cart_id": {
    "$oid": "690b2e48e46bfa314e5bc67c"
  },
  "shipping_id": {
    "$oid": "68eccc1da2e91f5838fa515b"
  },
  "customer_info": {
    "$oid": "690837d2ace7813511cba3e2"
  },
  "note": "",
  "return_request": {
    "isReturned": false,
    "return_reason": "",
    "return_description": "",
    "requested_at": {
      "$date": "2025-11-05T13:47:14.496Z"
    }
  },
  "status": "processing",
  "products": [
    {
      "product_id": {
        "$oid": "68c4f5bae287809dbb22e612"
      },
      "category_id": {
        "$oid": "68c0f75c309ccdb6b303493c"
      },
      "quantity": 1,
      "price": 1000000,
      "amount": 1000000,
      "discount": 0,
      "_id": {
        "$oid": "690b5562997c8a226de6bb59"
      }
    }
  ],
  "deletedBy": {
    "deletedAt": {
      "$date": "2025-11-05T13:47:14.496Z"
    }
  },
  "summary": {
    "subtotal": 1000000,
    "voucher_discount": 0,
    "shipping_fee": 1000,
    "total": 1001000
  },
  "deleted": false,
  "updatedBy": [
    {
      "account_id": "68c0c7caecd569e11297b187",
      "updatedAt": {
        "$date": "2025-11-05T13:53:42.377Z"
      },
      "_id": {
        "$oid": "690b56e6997c8a226de6c206"
      }
    },
    {
      "account_id": "68c0ce2629732d22f3eccf2c",
      "updatedAt": {
        "$date": "2025-11-20T09:59:44.200Z"
      },
      "_id": {
        "$oid": "691ee690740dffcbbe1bd47a"
      }
    },
    {
      "account_id": "68c0ce2629732d22f3eccf2c",
      "updatedAt": {
        "$date": "2025-11-20T10:44:33.097Z"
      },
      "_id": {
        "$oid": "691ef11167426e5fead73c88"
      }
    }
  ],
  "createdAt": {
    "$date": "2025-11-05T13:47:14.498Z"
  },
  "updatedAt": {
    "$date": "2025-11-20T10:44:33.098Z"
  },
  "__v": 3
},
{
  "_id": {
    "$oid": "69116b46ae4346663b22beb3"
  },
  "user_id": {
    "$oid": "68c15682f87490374370ee02"
  },
  "payment_id": {
    "$oid": "690084ef61f887d9e7b5e3d1"
  },
  "cart_id": {
    "$oid": "6911642f45b48775662de67d"
  },
  "shipping_id": {
    "$oid": "68ecc2bdc7a41cffff4f3112"
  },
  "customer_info": {
    "$oid": "690837d2ace7813511cba3e2"
  },
  "note": "",
  "return_request": {
    "isReturned": true,
    "return_reason": "",
    "return_description": "",
    "requested_at": {
      "$date": "2025-11-10T04:34:14.954Z"
    }
  },
  "status": "returned",
  "products": [
    {
      "product_id": {
        "$oid": "68c16b56861017b39244bd1f"
      },
      "category_id": {
        "$oid": "68c0f715309ccdb6b3034910"
      },
      "quantity": 1,
      "price": 20000,
      "amount": 20000,
      "discount": 0,
      "_id": {
        "$oid": "69116b46ae4346663b22beb4"
      }
    }
  ],
  "deletedBy": {
    "deletedAt": {
      "$date": "2025-11-10T04:34:14.954Z"
    }
  },
  "summary": {
    "subtotal": 20000,
    "voucher_discount": 0,
    "shipping_fee": 3000,
    "total": 23000
  },
  "deleted": false,
  "updatedBy": [
    {
      "account_id": "68c0c7caecd569e11297b187",
      "updatedAt": {
        "$date": "2025-11-10T04:36:34.758Z"
      },
      "_id": {
        "$oid": "69116bd2ae4346663b22cdac"
      }
    },
    {
      "account_id": "68c0c7caecd569e11297b187",
      "updatedAt": {
        "$date": "2025-11-18T03:44:39.763Z"
      },
      "_id": {
        "$oid": "691beba792729d516da5e473"
      }
    }
  ],
  "createdAt": {
    "$date": "2025-11-10T04:34:14.957Z"
  },
  "updatedAt": {
    "$date": "2025-11-18T03:44:39.778Z"
  },
  "__v": 2
},
{
  "_id": {
    "$oid": "691bec0992729d516da5e9e7"
  },
  "user_id": {
    "$oid": "68c15682f87490374370ee02"
  },
  "payment_id": {
    "$oid": "690084ef61f887d9e7b5e3d1"
  },
  "cart_id": {
    "$oid": "69116b47ae4346663b22bf22"
  },
  "shipping_id": {
    "$oid": "68ecc2bdc7a41cffff4f3112"
  },
  "customer_info": {
    "$oid": "690837d2ace7813511cba3e2"
  },
  "note": "",
  "return_request": {
    "isReturned": true,
    "return_reason": "Sản phẩm không đúng mô tả",
    "return_description": "sdsd",
    "requested_at": {
      "$date": "2025-11-18T03:48:44.607Z"
    },
    "requested_by": {
      "$oid": "68c15682f87490374370ee02"
    }
  },
  "status": "returned",
  "products": [
    {
      "product_id": {
        "$oid": "68c0d6928acc6e29e71dc87c"
      },
      "category_id": {
        "$oid": "68c0f75c309ccdb6b303493c"
      },
      "quantity": 1,
      "price": 200000,
      "amount": 100000,
      "discount": 100000,
      "_id": {
        "$oid": "691bec0992729d516da5e9e8"
      }
    }
  ],
  "deletedBy": {
    "deletedAt": {
      "$date": "2025-11-18T03:46:17.974Z"
    }
  },
  "summary": {
    "subtotal": 100000,
    "voucher_discount": 0,
    "shipping_fee": 3000,
    "total": 103000
  },
  "deleted": false,
  "updatedBy": [
    {
      "account_id": "68c0ce2629732d22f3eccf2c",
      "updatedAt": {
        "$date": "2025-11-18T03:47:34.914Z"
      },
      "_id": {
        "$oid": "691bec5692729d516da5f048"
      }
    },
    {
      "account_id": "68c15682f87490374370ee02",
      "updatedAt": {
        "$date": "2025-11-18T03:48:44.609Z"
      },
      "_id": {
        "$oid": "691bec9c92729d516da5f11e"
      }
    }
  ],
  "createdAt": {
    "$date": "2025-11-18T03:46:17.975Z"
  },
  "updatedAt": {
    "$date": "2025-11-18T03:48:44.614Z"
  },
  "__v": 2
},
{
  "_id": {
    "$oid": "691ee6ef04a396b770f3cc67"
  },
  "user_id": {
    "$oid": "68c15682f87490374370ee02"
  },
  "payment_id": {
    "$oid": "690084ef61f887d9e7b5e3d1"
  },
  "cart_id": {
    "$oid": "691bec0a92729d516da5ea5d"
  },
  "shipping_id": {
    "$oid": "68eccc1da2e91f5838fa515b"
  },
  "customer_info": {
    "$oid": "690837d2ace7813511cba3e2"
  },
  "note": "",
  "return_request": {
    "isReturned": false,
    "return_reason": "",
    "return_description": "",
    "requested_at": {
      "$date": "2025-11-20T10:01:19.255Z"
    }
  },
  "status": "completed",
  "products": [
    {
      "product_id": {
        "$oid": "690ab89eecac1777a06b295e"
      },
      "category_id": {
        "$oid": "68c0f6ba309ccdb6b3034907"
      },
      "quantity": 2,
      "price": 100000,
      "amount": 200000,
      "discount": 0,
      "_id": {
        "$oid": "691ee6ef04a396b770f3cc68"
      }
    }
  ],
  "deletedBy": {
    "deletedAt": {
      "$date": "2025-11-20T10:01:19.255Z"
    }
  },
  "summary": {
    "subtotal": 200000,
    "voucher_discount": 0,
    "shipping_fee": 1000,
    "total": 201000
  },
  "deleted": false,
  "updatedBy": [
    {
      "account_id": "68c0ce2629732d22f3eccf2c",
      "updatedAt": {
        "$date": "2025-11-20T10:01:26.616Z"
      },
      "_id": {
        "$oid": "691ee6f604a396b770f3cde7"
      }
    },
    {
      "account_id": "68c0ce2629732d22f3eccf2c",
      "updatedAt": {
        "$date": "2025-11-20T10:14:37.289Z"
      },
      "_id": {
        "$oid": "691eea0d8f918218dbb7a07d"
      }
    },
    {
      "account_id": "68c0ce2629732d22f3eccf2c",
      "updatedAt": {
        "$date": "2025-11-20T10:14:51.349Z"
      },
      "_id": {
        "$oid": "691eea1b8f918218dbb7a106"
      }
    },
    {
      "account_id": "68c0ce2629732d22f3eccf2c",
      "updatedAt": {
        "$date": "2025-11-20T10:44:20.674Z"
      },
      "_id": {
        "$oid": "691ef10467426e5fead73c70"
      }
    },
    {
      "account_id": "68c0ce2629732d22f3eccf2c",
      "updatedAt": {
        "$date": "2025-11-22T10:22:08.897Z"
      },
      "_id": {
        "$oid": "69218ed0b3831cd511b83f1c"
      }
    },
    {
      "account_id": "68c0ce2629732d22f3eccf2c",
      "updatedAt": {
        "$date": "2025-11-22T10:22:47.617Z"
      },
      "_id": {
        "$oid": "69218ef7b3831cd511b84030"
      }
    }
  ],
  "createdAt": {
    "$date": "2025-11-20T10:01:19.257Z"
  },
  "updatedAt": {
    "$date": "2025-11-22T10:22:47.618Z"
  },
  "__v": 6
},
{
  "_id": {
    "$oid": "691ef0f467426e5fead73ba6"
  },
  "user_id": {
    "$oid": "68c6982a32da1f8929167d61"
  },
  "payment_id": {
    "$oid": "690084ef61f887d9e7b5e3d1"
  },
  "cart_id": {
    "$oid": "691ef0cb67426e5fead73a4c"
  },
  "shipping_id": {
    "$oid": "68ecc2bdc7a41cffff4f3112"
  },
  "customer_info": null,
  "note": "",
  "return_request": {
    "isReturned": false,
    "return_reason": "",
    "return_description": "",
    "requested_at": {
      "$date": "2025-11-20T10:44:04.931Z"
    }
  },
  "status": "completed",
  "products": [
    {
      "product_id": {
        "$oid": "68c0d6928acc6e29e71dc87c"
      },
      "category_id": {
        "$oid": "68c0f75c309ccdb6b303493c"
      },
      "quantity": 1,
      "price": 200000,
      "amount": 200000,
      "discount": 0,
      "_id": {
        "$oid": "691ef0f467426e5fead73ba7"
      }
    }
  ],
  "deletedBy": {
    "deletedAt": {
      "$date": "2025-11-20T10:44:04.931Z"
    }
  },
  "summary": {
    "subtotal": 200000,
    "voucher_discount": 0,
    "shipping_fee": 3000,
    "total": 203000
  },
  "deleted": false,
  "updatedBy": [
    {
      "account_id": "68c0ce2629732d22f3eccf2c",
      "updatedAt": {
        "$date": "2025-11-22T10:21:51.011Z"
      },
      "_id": {
        "$oid": "69218ebfb3831cd511b83eb9"
      }
    }
  ],
  "createdAt": {
    "$date": "2025-11-20T10:44:04.933Z"
  },
  "updatedAt": {
    "$date": "2025-11-22T10:21:51.013Z"
  },
  "__v": 1
},
{
  "_id": {
    "$oid": "691f356bf0951e1b03372479"
  },
  "user_id": {
    "$oid": "68c6982a32da1f8929167d61"
  },
  "payment_id": {
    "$oid": "690084ef61f887d9e7b5e3d1"
  },
  "cart_id": {
    "$oid": "691ef0f567426e5fead73c30"
  },
  "shipping_id": {
    "$oid": "68ecc2bdc7a41cffff4f3112"
  },
  "customer_info": {
    "$oid": "691f3415febec550f9fba0a4"
  },
  "note": "",
  "return_request": {
    "isReturned": true,
    "return_reason": "Sản phẩm không đúng mô tả",
    "return_description": "vxcxxd",
    "requested_at": {
      "$date": "2025-11-22T10:22:23.751Z"
    },
    "requested_by": {
      "$oid": "68c6982a32da1f8929167d61"
    }
  },
  "status": "returned",
  "products": [
    {
      "product_id": {
        "$oid": "690ab89eecac1777a06b295e"
      },
      "category_id": {
        "$oid": "68c0f768309ccdb6b3034946"
      },
      "quantity": 1,
      "price": 100000,
      "amount": 100000,
      "discount": 0,
      "_id": {
        "$oid": "691f356bf0951e1b0337247a"
      }
    }
  ],
  "deletedBy": {
    "deletedAt": {
      "$date": "2025-11-20T15:36:11.297Z"
    }
  },
  "summary": {
    "subtotal": 100000,
    "voucher_discount": 0,
    "shipping_fee": 3000,
    "total": 103000
  },
  "deleted": false,
  "updatedBy": [
    {
      "account_id": "68c0ce2629732d22f3eccf2c",
      "updatedAt": {
        "$date": "2025-11-22T10:20:20.094Z"
      },
      "_id": {
        "$oid": "69218e64b3831cd511b83d95"
      }
    },
    {
      "account_id": "68c6982a32da1f8929167d61",
      "updatedAt": {
        "$date": "2025-11-22T10:22:23.752Z"
      },
      "_id": {
        "$oid": "69218edfb3831cd511b83f82"
      }
    }
  ],
  "createdAt": {
    "$date": "2025-11-20T15:36:11.308Z"
  },
  "updatedAt": {
    "$date": "2025-11-22T10:22:23.755Z"
  },
  "__v": 2
}]